Generation	Test Smiles	Library Smiles	Canonical Code
G3	C(CNCC(CN)=O)(CO)=O	C(=O)(CN([H])[H])CNCC(=O)CO	c908917571a8e8c1
G3	C(CNCCO)(CN)=O	C(=O)(CN([H])[H])CNCCO	18cfbd955ff12aad
G3	C(CNCC(CN)=O)(O)=O	C(=O)(CN([H])[H])CNCC(=O)O	69863c9f803632c6
G3	C(CO)(CNCC(CO)=O)=O	C(=O)(CO[H])CNCC(=O)CO	6664d6afe5949688
G3	C(CO)(CNCCO)=O	C(=O)(CO[H])CNCCO	2877d9f7b06778e4
G3	C(CNCC(CO)=O)(O)=O	C(=O)(CNCC(=O)O[H])CO	c5c36e003d5345b
G3	C(C(CO)N)O	C([C@@H](CO)N)O[H]	3fb577b857cc0830
G3	C(C(CO)(CO)N)=O	C(=O)[C@@](CO[H])(CO)N	45ee45b47d11879
G3	C(CN)(C(CO)(CO)O)=O	C(=O)(CN)[C@@](CO[H])(CO)O	7996bac4feaaf65b
G3	C(CO)(CNCCN)=O	C(=O)(CO[H])CNCCN	cbeb5bc807d51e0a
G3	C(C(CO)(CN)O)O	C([C@](CN)(CO)O)O[H]	8f105d853b99c3ed
G3	C(C(CN)O)N	C([C@@H](CN)O)N([H])[H]	62608c108e0f0cb7
G4	C(CO)(CC(CN)(CN)O)=O	C(=O)(C[C@@](CN([H])[H])(CN)O)CO	f8f14c4b07fa596f
G4	C(C(CC(CN)(CN)O)=O)(O)=O	C(=O)(C(=O)O)C[C@](CN([H])[H])(CN)O	6886cd6bb1076a55
G4	C(CN)(CC(CN)(CN)O)=O	C(=O)(C[C@@](CN([H])[H])(CN)O)CN	914cebd4b0ce287f
G4	C(C(C(O)=O)C(CN)=O)(O)=O	C(=O)(CN)[C@H](C(=O)O[H])C(=O)O	b2d2834eddd05dc8
G4	C(CN)(CC(CO)(CO)O)=O	C(=O)(C[C@@](CO[H])(CO)O)CN	d93daa61acacfe90
G4	C(C(C=O)C(CN)(CN)O)=O	C(=O)C(C=O)[C@@](CN([H])[H])(CN)O	49ec96ee13d211fe
G4	C(C(CC(CN)(CN)O)=O)=O	C(=O)C(=O)C[C@](CN([H])[H])(CN)O	5d30a1b78b8faf58
G4	C(CC(CN)(CN)O)=O	C(=O)C[C@@](CN([H])[H])(CN)O	5ed2be0e256a35fc
G4	C(CN)(C(CO)CO)=O	C(=O)(CN)[C@H](CO[H])CO	16d69721b96bddd
G4	C(CO)(C(C(CO)=O)N)=O	C(=O)(CO[H])[C@H](C(=O)CO)N	80d6eb93dcd08fe7
G4	C1(CNCC(C1(CO)O)=O)=O	C1(=O)CNCC(=O)C1(CO)O[H]	5577ec4996b108d6
G4	C(CNC)(C(CO)(CO)O)=O	C(=O)(CNC)[C@@](CO[H])(CO)O	1732c5cf4fe73b23
G4	C(C(C=O)NC(CO)CO)=O	C(=O)C(C=O)N[C@@H](CO[H])CO	b5f6ea30ec02304b
G4	C(CNCCN)(CCO)=O	C(=O)(CCO)CNCCN([H])[H]	1d411b74d5ca6830
G4	C(CNCCO)(CNC)=O	C(=O)(CNC)CNCCO[H]	9002a55fbfacc14
G4	C(CNCCN)(CC(O)=O)=O	C(=O)(CC(=O)O[H])CNCCN	307e3a0c02e01168
G4	C(CNC)(CNCC(O)=O)=O	C(=O)(CNC)CNCC(=O)O[H]	ffb36ce975f8ba6b
G4	C(CNCCN)(CNC)=O	C(=O)(CNC)CNCCN([H])[H]	efec20557594f5fe
G4	C=C(C(CNCCN)=O)N	C=C(C(=O)CNCCN)N([H])[H]	67a855c0e13bcd84
G4	C(CNCCN)(CCN)=O	C(=O)(CCN)CNCCN([H])[H]	dc82e939e868e468
G4	C(CN)(C(C(CN)=O)O)=O	C(=O)(CN([H])[H])[C@@H](C(=O)CN)O	37f633f434ecce4f
G4	C(CNCC(CN)=O)(CN)=O	C(=O)(CN([H])[H])CNCC(=O)CN	c5b5d25931fbd5bd
G4	C(CN)(C(C(CN)=O)(CO)O)=O	C(=O)(CN([H])[H])[C@](C(=O)CN)(CO)O	a81bf191cb8a3562
G4	C(CNCCN)(CN)=O	C(=O)(CN([H])[H])CNCCN	c3305428b701db5f
G4	C(CO)(CNC(CO)CO)=O	C(=O)(CN[C@@H](CO[H])CO)CO	95380c85e1bf239c
G4	C(CNCCO)(CCO)=O	C(=O)(CCO)CNCCO[H]	f88fe11c89c4a2ba
G4	C(CC(CNCCO)=O)(O)=O	C(=O)(CC(=O)O[H])CNCCO	de6ed7ab43618e5b
G4	C=C(C(CNCCO)=O)N	C=C(C(=O)CNCCO)N([H])[H]	4e35e871b92b47ae
G4	C(CNCCO)(CCN)=O	C(=O)(CCN([H])[H])CNCCO	684c31de39de880a
G4	C(CNCC(O)=O)(CCO)=O	C(=O)(CCO)CNCC(=O)O[H]	a43c18c2ade463c1
G4	C(CC(CNCC(O)=O)=O)(O)=O	C(=O)(CC(=O)O[H])CNCC(=O)O	b0f2b0f7ea96b6fc
G4	C(CNCC(C(N)=C)=O)(O)=O	C=C(C(=O)CNCC(=O)O)N([H])[H]	14f0fd0450db6e84
G4	C(CNCC(O)=O)(CCN)=O	C(=O)(CCN)CNCC(=O)O[H]	d0878f3890a9d3c7
G4	C(CNC(CO)CO)(CN)=O	C(=O)(CN)CN[C@@H](CO[H])CO	1d8550ab3c83c1c1
G4	C(CNC(CO)CO)=O	C(=O)CN[C@@H](CO[H])CO	561aec0a8dff84d7
G4	C(C(CO)(CO)NCC=O)=O	C(=O)CN[C@@](C=O)(CO[H])CO	bb80da90d046d7e7
G4	C(CNCC(CO)(CO)O)=O	C(=O)CNC[C@@](CO[H])(CO)O	ec0fe0e79691c229
G4	C(CNC(CO)CO)O	C([C@@H](CO)NCCO)O[H]	feea6bfb77f47e92
G4	C(CNC(CO)CO)(O)=O	C(=O)(CN[C@@H](CO[H])CO)O	f02c82d4a7207562
G4	C(CNCCO)O	C(CNCCO)O[H]	9622b685961b3fe6
G4	C(CNCCO)(O)=O	C(=O)(CNCCO[H])O	5b15fa5d0dd5ddd3
G4	C(C(CO)(C(CO)(CO)O)N)O	C([C@@](CO)(C(CO)(CO)O)N)O[H]	7c586643c0ccf8ef
G4	C(C(CO)(CO)N)O	C(C(CO)(CO)N)O[H]	ec8d2de5359a4962
G4	C(CO)(CCNCCO)=O	C(=O)(CCNCCO)CO[H]	ada2dd1fa0e8266b
G4	C(CNCCC(CO)=O)(O)=O	C(=O)(CCNCC(=O)O[H])CO	54f76d7ec440a57a
G4	C(CO)NCCN	C(CNCCO)N([H])[H]	7050badde68abb3f
G4	C(CNCC(O)=O)(O)=O	C(=O)(CNCC(=O)O)O[H]	c7fa962b2691c7de
G4	C(C(CO)(CO)N)(O)=O	C(=O)(C(CO)(CO)N)O[H]	58f08a7bc05d903c
G4	C(C(CCNCCO)=O)(O)=O	C(=O)(C(=O)O[H])CCNCCO	280813ab515fd592
G4	C(CNCCC(C(O)=O)=O)(O)=O	C(=O)(C(=O)O[H])CCNCC(=O)O	d3928551f012a646
G4	C(CNCCN)(O)=O	C(=O)(CNCCN([H])[H])O	c52c39041aa6f448
G4	C(C(C(O)=O)(CO)N)(O)=O	C(=O)([C@@](C(=O)O)(CO)N)O[H]	c63e1199b4cec327
G4	C(C(C(O)=O)(CN)O)(O)=O	C(=O)([C@](C(=O)O)(CN)O)O[H]	8975939a27749d09
G4	C(CO)(C(CO)(CO)N)=O	C(=O)(CO)[C@@](CO[H])(CO)N	74ca4bbd265b9879
G4	C(C(CO)(CO)NCCO)=O	C(=O)[C@](CO[H])(CO)NCCO	4399cff52480ad7b
G4	C(C(CO)(CO)NCC(O)=O)=O	C(=O)[C@](CO[H])(CO)NCC(=O)O	d1e04702faf27a5a
G4	C(CN)(C(CO)(CO)N)=O	C(=O)(CN)C(CO)(CO)N([H])[H]	e78f7608cd60653b
G4	C(C(C(CN)=O)(CO)CO)=O	C(=O)[C@](C(=O)CN)(CO[H])CO	ab6170869b684e45
G4	C(C(C(O)=O)NCC(CN)=O)(O)=O	C(=O)(CN)CN[C@H](C(=O)O[H])C(=O)O	dc9fbedda7270d03
G4	C(C(C(O)=O)NCC=O)(O)=O	C(=O)CN[C@H](C(=O)O[H])C(=O)O	486bc525aebdd906
G4	C(C(CN)(CN)O)O	C([C@](CN)(CO)O)N([H])[H]	a11887337424b8e2
G4	C(CN)(CCNCCO)=O	C(=O)(CCNCCO)CN([H])[H]	2883a41ea373c1e7
G4	C(CN)(CCNCC(O)=O)=O	C(=O)(CCNCC(=O)O[H])CN	519a90cf5ff51281
G4	C(C(CN)=O)(C(CO)CO)=O	C(=O)(C(=O)[C@H](CO[H])CO)CN	869ad179455e5dc4
G4	C(CN)(C(C(CN)=O)CO)=O	C(=O)(CN([H])[H])[C@@H](C(=O)CN)CO	967a65c5e84a9bad
G4	C(CN)NC(CO)CO	C([C@H](CO)NCCN)O[H]	c839ac6ff9cbf784
G4	C(C(CO)(CO)NCCN)=O	C(=O)[C@](CO[H])(CO)NCCN	157974e3c58c8ccc
G4	C(C(O)=O)(CCNCCN)=O	C(=O)(C(=O)O[H])CCNCCN	26bf963543fd5e3e
G4	C(CNCCNCCN)=O	C(=O)CNCCNCCN([H])[H]	764bad653a402346
G4	C(CN)NCC(CO)(CO)O	C([C@](CNCCN)(CO)O)O[H]	73e56fb7b9abbdee
G4	C(CO)(CCNCCN)=O	C(=O)(CCNCCN([H])[H])CO	8e3af4e93478c663
G4	C(CN)NCCN	C(CNCCN)N([H])[H]	3302186d1b3680d5
G4	C(CCNC(CO)CO)=O	C(=O)CCN[C@@H](CO[H])CO	ff9846096ffa318f
G4	C(CN)(CCNCCN)=O	C(=O)(CCNCCN)CN([H])[H]	2afd37de0f6a67dd
G4	C(C(CO)=O)(CNCCO)=O	C(=O)(C(=O)CNCCO)CO[H]	45f83184d1a4afac
G4	C(CNCC(C(CO)=O)=O)(O)=O	C(=O)(C(=O)CO)CNCC(=O)O[H]	45a0e84c5321754a
G4	C(C(CO)(CCN)O)O	C(CN)[C@@](CO[H])(CO)O	1c6cde206fb85313
G4	C(CO)(CNC(CN)CN)=O	C(=O)(CN[C@@H](CN([H])[H])CN)CO	4e905f58aaa0b076
G4	C(CO)NC(CN)CN	C([C@H](CN)NCCO)N([H])[H]	701f07116c67409f
G4	C(CNC(CN)CN)(O)=O	C(=O)(CN[C@H](CN([H])[H])CN)O	933bc45f2b948d07
G4	C(C(CN)N)N	C(C(CN)N([H])[H])N	1f0ac6423cee0b2c
G4	C(CNC(CN)CN)=O	C(=O)CN[C@H](CN([H])[H])CN	775cfb3c9a8822af
G4	C(C(CO)(C(CN)(CN)O)O)O	C([C@@](CO)(C(CN)(CN)O)O)O[H]	8cd13c3a4508ecc1
G4	C(C(CO)(CN)N)O	C(C(CO)(CO)N)N([H])[H]	4892a1f744d106aa
G4	C(CC(CO)(CO)N)=O	C(=O)C[C@@](CO[H])(CO)N	f4d67411d2e5c610
G4	C(CNCCCO)(CN)=O	C(=O)(CN)CNCCCO[H]	ed403e1482e543bf
G4	C(CO)(CNCCCO)=O	C(=O)(CNCCCO[H])CO	4500269f72a4cc
G4	C(CNCCC(O)=O)(CN)=O	C(=O)(CN([H])[H])CNCCC(=O)O	d420506efb719bd8
G4	C(CNCC(N)=C)(CN)=O	C=C(CNCC(=O)CN)N([H])[H]	75bb699034f26e2d
G4	C(CNCCCN)(CN)=O	C(=O)(CN)CNCCCN([H])[H]	9eabc77919dff715
G4	C(CCNCC(CO)=O)(O)=O	C(=O)(CO[H])CNCCC(=O)O	bf1b890d8fa52b73
G4	C(CO)(CNCC(N)=C)=O	C=C(CNCC(=O)CO)N([H])[H]	e133ad3b1ca4faca
G4	C(CO)(CNCCCN)=O	C(=O)(CNCCCN([H])[H])CO	6708a0adcbdc89e4
G4	C(CNCCNCCO)=O	C(=O)CNCCNCCO[H]	5d052f217df5d49c
G4	C(CNCCNCC(O)=O)=O	C(=O)CNCCNCC(=O)O[H]	6b3269cc6e759c76
G4	C(CNCC(CO)(CO)N)=O	C(=O)CNC[C@](CO[H])(CO)N	9309cd8e6de246db
