Generation	Test Smiles	Library Smiles	Canonical Code
G3	C(CO)(CNCC(CO)=O)=O	C(=O)(CO[H])CNCC(=O)CO	6664d6afe5949688
G3	C(CN)(C(CO)(CO)O)=O	C(=O)(CN)[C@@](CO[H])(CO)O	7996bac4feaaf65b
G4	C(C(C=O)C(CN)(CN)O)=O	C(=O)C(C=O)[C@@](CN([H])[H])(CN)O	49ec96ee13d211fe
G4	C(C(CC(CN)(CN)O)=O)(O)=O	C(=O)(C(=O)O)C[C@](CN([H])[H])(CN)O	6886cd6bb1076a55
G4	C(CN)(CC(CN)(CN)O)=O	C(=O)(C[C@@](CN([H])[H])(CN)O)CN	914cebd4b0ce287f
G4	C(CN)(CC(CO)(CO)O)=O	C(=O)(C[C@@](CO[H])(CO)O)CN	d93daa61acacfe90
G4	C(C(CC(CN)(CN)O)=O)=O	C(=O)C(=O)C[C@](CN([H])[H])(CN)O	5d30a1b78b8faf58
G4	C(CN)(C(CO)CO)=O	C(=O)(CN)[C@H](CO[H])CO	16d69721b96bddd
G4	C(CO)(CC(CN)(CN)O)=O	C(=O)(C[C@@](CN([H])[H])(CN)O)CO	f8f14c4b07fa596f
G4	C(CC(CN)(CN)O)=O	C(=O)C[C@@](CN([H])[H])(CN)O	5ed2be0e256a35fc
G4	C(CO)(C(C(CO)=O)N)=O	C(=O)(CO[H])[C@H](C(=O)CO)N	80d6eb93dcd08fe7
G4	C(CNCC(CN)=O)(CO)=O	C(=O)(CN([H])[H])CNCC(=O)CO	c908917571a8e8c1
G4	C(C)(C(CO)(CO)N)=O	C(=O)(C)[C@](CO[H])(CO)N	bb87d784a2090912
G4	C1(CNCC(C1(CO)O)=O)=O	C1(=O)CNCC(=O)C1(CO)O[H]	5577ec4996b108d6
G4	C(C(CO)=O)(CNCCO)=O	C(=O)(C(=O)CNCCO)CO[H]	45f83184d1a4afac
G4	C(CNCC(C(CO)=O)=O)(O)=O	C(=O)(C(=O)CO)CNCC(=O)O[H]	45a0e84c5321754a
G4	C(C(CNCCO)=O)(CN)=O	C(=O)(C(=O)CNCCO)CN([H])[H]	6da3804c0493f0f8
G4	C(CNCC(C(CN)=O)=O)(O)=O	C(=O)(C(=O)CNCC(=O)O[H])CN	2ef5870fd7fc0b0d
G4	C(CNCC(C(O)=O)=O)(CN)=O	C(=O)(C(=O)O[H])CNCC(=O)CN	75d39d4896427e5a
G4	C(CNCC(CN)=O)(CN)=O	C(=O)(CN([H])[H])CNCC(=O)CN	c5b5d25931fbd5bd
G4	C(CNCCO)(CCO)=O	C(=O)(CCO)CNCCO[H]	f88fe11c89c4a2ba
G4	C(CNCC(O)=O)(CCO)=O	C(=O)(CCO)CNCC(=O)O[H]	a43c18c2ade463c1
G4	C(C(CNCCO)=O)(O)=O	C(=O)(C(=O)O[H])CNCCO	ce6e4add86a74c2d
G4	C(CNCC(C(O)=O)=O)(O)=O	C(=O)(C(=O)O[H])CNCC(=O)O	7b81057994d73cf2
G4	C(CC(CNCCO)=O)(O)=O	C(=O)(CC(=O)O[H])CNCCO	de6ed7ab43618e5b
G4	C(CC(CNCC(O)=O)=O)(O)=O	C(=O)(CC(=O)O[H])CNCC(=O)O	b0f2b0f7ea96b6fc
G4	C(CNCCO)(CN)=O	C(=O)(CN([H])[H])CNCCO	18cfbd955ff12aad
G4	C(CNCC(CN)=O)(O)=O	C(=O)(CN([H])[H])CNCC(=O)O	69863c9f803632c6
G4	C=C(C(CNCCO)=O)N	C=C(C(=O)CNCCO)N([H])[H]	4e35e871b92b47ae
G4	C(CNCC(C(N)=C)=O)(O)=O	C=C(C(=O)CNCC(=O)O)N([H])[H]	14f0fd0450db6e84
G4	C(CN)(C(C(CN)=O)O)=O	C(=O)(CN([H])[H])[C@@H](C(=O)CN)O	37f633f434ecce4f
G4	C(CN)(C(C(CN)=O)(CO)O)=O	C(=O)(CN([H])[H])[C@](C(=O)CN)(CO)O	a81bf191cb8a3562
G4	C(CO)(CNCCO)=O	C(=O)(CO[H])CNCCO	2877d9f7b06778e4
G4	C(CNCC(CO)=O)(O)=O	C(=O)(CNCC(=O)O[H])CO	c5c36e003d5345b
G4	C(CO)(CNCC(C(O)=O)=O)=O	C(=O)(C(=O)O[H])CNCC(=O)CO	4cbe35584820efe3
G4	C(C(CO)N)O	C([C@@H](CO)N)O[H]	3fb577b857cc0830
G4	C(CO)(CNC(CO)CO)=O	C(=O)(CN[C@@H](CO[H])CO)CO	95380c85e1bf239c
G4	C(CNC(CO)CO)=O	C(=O)CN[C@@H](CO[H])CO	561aec0a8dff84d7
G4	C(CO)(CCNCCO)=O	C(=O)(CCNCCO)CO[H]	ada2dd1fa0e8266b
G4	C(CNCCC(CO)=O)(O)=O	C(=O)(CCNCC(=O)O[H])CO	54f76d7ec440a57a
G4	C(CO)(C(CO)(CO)N)=O	C(=O)(CO)[C@@](CO[H])(CO)N	74ca4bbd265b9879
G4	C(C(CO)(CO)N)=O	C(=O)[C@@](CO[H])(CO)N	45ee45b47d11879
G4	C(C(CO)(CO)NCC=O)=O	C(=O)CN[C@@](C=O)(CO[H])CO	bb80da90d046d7e7
G4	C(CN)(C(CO)(CO)N)=O	C(=O)(CN)C(CO)(CO)N([H])[H]	e78f7608cd60653b
G4	C(C(C=O)(C(CN)(CN)O)O)=O	C(=O)C(C=O)([C@@](CN([H])[H])(CN)O)O	b91be2fabac6fd63
G4	C(C(CN)=O)(C(CO)CO)=O	C(=O)(C(=O)[C@H](CO[H])CO)CN	869ad179455e5dc4
G4	C(CN)(C(C(CN)=O)CO)=O	C(=O)(CN([H])[H])[C@@H](C(=O)CN)CO	967a65c5e84a9bad
G4	C(CN)(CCNCCO)=O	C(=O)(CCNCCO)CN([H])[H]	2883a41ea373c1e7
G4	C(CN)(CCNCC(O)=O)=O	C(=O)(CCNCC(=O)O[H])CN	519a90cf5ff51281
G4	C(C(CCNCCO)=O)(O)=O	C(=O)(C(=O)O[H])CCNCCO	280813ab515fd592
G4	C(CNCCC(C(O)=O)=O)(O)=O	C(=O)(C(=O)O[H])CCNCC(=O)O	d3928551f012a646
G4	C(C(CO)(CCN)O)O	C(CN)[C@@](CO[H])(CO)O	1c6cde206fb85313
G4	C(C(CN)N)N	C(C(CN)N([H])[H])N	1f0ac6423cee0b2c
G4	C(C(CN)O)N	C([C@@H](CN)O)N([H])[H]	62608c108e0f0cb7
G4	C(CO)(CNCCN)=O	C(=O)(CO[H])CNCCN	cbeb5bc807d51e0a
G4	C(CO)(CNC(CN)CN)=O	C(=O)(CN[C@@H](CN([H])[H])CN)CO	4e905f58aaa0b076
G4	C(CNC(CN)CN)=O	C(=O)CN[C@H](CN([H])[H])CN	775cfb3c9a8822af
G4	C(C(CO)(CN)O)O	C([C@](CN)(CO)O)O[H]	8f105d853b99c3ed
G4	C(CO)(CCNCCN)=O	C(=O)(CCNCCN([H])[H])CO	8e3af4e93478c663
G4	C(CC(CO)(CO)N)=O	C(=O)C[C@@](CO[H])(CO)N	f4d67411d2e5c610
